{
  "$schema": "http://json-schema.org/draft-04/schema#",
  "description": "JSON Schema generated by XMLSpy v2016 rel. 2 sp1 (http://www.altova.com)",
  "type": "array",
  "items": {
    "$ref": "#/definitions/object_01"
  },
  "definitions": {
    "object_01": {
      "type": "object",
      "required": [
        "languages",
        "name",
        "capital",
        "region"
      ],
      "additionalProperties": false,
      "properties": {
        "languages": {
          "type": "array",
          "title": "languages",
          "items": {
            "type": "object",
            "required": [
              "iso639_1",
              "iso639_2",
              "name",
              "nativeName"
            ],
            "additionalProperties": false,
            "properties": {
              "iso639_1": {
                "type": "string"
              },
              "iso639_2": {
                "type": "string"
              },
              "name": {
                "type": "string"
              },
              "nativeName": {
                "type": "string"
              }
            }
          }
        },
        "name": {
          "type": "string"
        },
        "capital": {
          "type": "string"
        },
        "region": {
          "type": "string"
        }
      }
    }
  }
}